Workbook

Sheet Sheet1
A3: Row Labels | B3: Sum of Total: Disability Compensation Recipients
A4: Texas | B4: 682628
A5: Florida | B5: 538014
A6: California | B6: 502173
A7: North Carolina | B7: 286763
A8: Virginia | B8: 275063
A9: Georgia | B9: 273766
A10: Ohio | B10: 191332
A11: Washington | B11: 173242
A12: Pennsylvania | B12: 171698
A13: Tennessee | B13: 168911
A14: Arizona | B14: 159063
A15: South Carolina | B15: 155553
... A19: Grand Total | B19: 4017660
A20: Real County? | B20: TRUE
A22: Row Labels | B22: Sum of Total: Disability Compensation Recipients
A23: San Diego, California | B23: 98159
A24: Bexar, Texas | B24: 95255
A25: Maricopa, Arizona | B25: 78855
A26: Los Angeles, California | B26: 73230
A27: Harris, Texas | B27: 61160
A28: Clark, Nevada | B28: 58508
A29: El Paso, Colorado | B29: 52489
A30: Riverside, California | B30: 50395
A31: Tarrant, Texas | B31: 42439
A32: Hillsborough, Florida | B32: 42212
A33: Bell, Texas | B33: 39929
A34: Duval, Florida | B34: 37487
... A38: Grand Total | B38: 830945

Sheet Dashboard
A1: DASHBOARD
A4: Total Recipients Nationwide | B4: Top State | C4: % Rated 70% or Higher
A5: =SUM(fy2025_disability_analysis_by_c!D2:D3149) -> 6331627 | B5: Texas | C5: =(Table2[[#This Row],[SUM]]+Sheet2!B6)/SUM(Table2[SUM]) -> 0.58721524

Sheet Sheet2
A1: SCD RANGE | B1: SUM | C1: % of Total
A2: 0% to 20% | B2: =SUM(fy2025_disability_analysis_by_c!E:E) -> 1218210 | C2: =(B2/SUM(B2:B6)) -> 0.19259238
A3: 30% to 40% | B3: =SUM(fy2025_disability_analysis_by_c!F:F) -> 663882 | C3: =(B3/SUM(B2:B6)) -> 0.10495614
A4: 50% to 60% | B4: =SUM(fy2025_disability_analysis_by_c!G:G) -> 728907 | C4: =(B4/SUM(B2:B6)) -> 0.11523624
A5: 70% to 90% | B5: =SUM(fy2025_disability_analysis_by_c!H:H) -> 1868474 | C5: =(B5/SUM(B2:B6)) -> 0.29539559
A6: 1 | B6: =SUM(fy2025_disability_analysis_by_c!I:I) -> 1845855 | C6: =(B6/SUM(B2:B6)) -> 0.29181965

Sheet fy2025_disability_analysis_by_c
A1: FIPS code | B1: State | C1: County Name | D1: Total: Disability Compensation Recipients | E1: SCD rating: 0% to 20% | F1: SCD rating: 30% to 40% | G1: SCD rating: 50% to 60% | H1: SCD rating: 70% to 90% | I1: SCD rating: 100% | J1: Age: 17-44 | K1: Age: 45-64 | L1: Age: 65 or older | M1: Male | N1: Female | O1: State,County | P1: Real County?
A2: 45001 | B2: South Carolina | C2: Abbeville | D2: 637 | E2: 107 | F2: 51 | G2: 82 | H2: 198 | I2: 199 | J2: 119 | K2: 196 | L2: 322 | M2: 575 | N2: 62 | O2: Abbeville, South Carolina | P2: =NOT(OR(Table1[[#This Row],[State]]="Other Foreign Countries", Table1[[#This Row],[State]]="Unknown", Table1[[#This Row],[State]]="Puerto Rico all counties")) -> TRUE
A3: 22001 | B3: Louisiana | C3: Acadia | D3: 867 | E3: 183 | F3: 92 | G3: 108 | H3: 250 | I3: 234 | J3: 226 | K3: 278 | L3: 363 | M3: 805 | N3: 61 | O3: Acadia, Louisiana | P3: =NOT(OR(Table1[[#This Row],[State]]="Other Foreign Countries", Table1[[#This Row],[State]]="Unknown", Table1[[#This Row],[State]]="Puerto Rico all counties")) -> TRUE
A4: 51001 | B4: Virginia | C4: Accomack | D4: 715 | E4: 133 | F4: 77 | G4: 101 | H4: 218 | I4: 186 | J4: 153 | K4: 250 | L4: 312 | M4: 626 | N4: 89 | O4: Accomack, Virginia | P4: =NOT(OR(Table1[[#This Row],[State]]="Other Foreign Countries", Table1[[#This Row],[State]]="Unknown", Table1[[#This Row],[State]]="Puerto Rico all counties")) -> TRUE
A5: 16001 | B5: Idaho | C5: Ada | D5: 13151 | E5: 2830 | F5: 1666 | G5: 1798 | H5: 3942 | I5: 2915 | J5: 4267 | K5: 4305 | L5: 4579 | M5: 11656 | N5: 1492 | O5: Ada, Idaho | P5: =NOT(OR(Table1[[#This Row],[State]]="Other Foreign Countries", Table1[[#This Row],[State]]="Unknown", Table1[[#This Row],[State]]="Puerto Rico all counties")) -> TRUE
A6: 19001 | B6: Iowa | C6: Adair | D6: 148 | E6: 37 | F6: 23 | G6: 13 | H6: 49 | I6: 26 | J6: 27 | K6: 37 | L6: 84 | O6: Adair, Iowa | P6: =NOT(OR(Table1[[#This Row],[State]]="Other Foreign Countries", Table1[[#This Row],[State]]="Unknown", Table1[[#This Row],[State]]="Puerto Rico all counties")) -> TRUE
A7: 21001 | B7: Kentucky | C7: Adair | D7: 339 | E7: 73 | F7: 33 | G7: 45 | H7: 103 | I7: 85 | J7: 79 | K7: 103 | L7: 157 | M7: 311 | N7: 28 | O7: Adair, Kentucky | P7: =NOT(OR(Table1[[#This Row],[State]]="Other Foreign Countries", Table1[[#This Row],[State]]="Unknown", Table1[[#This Row],[State]]="Puerto Rico all counties")) -> TRUE
A8: 29001 | B8: Missouri | C8: Adair | D8: 422 | E8: 136 | F8: 45 | G8: 44 | H8: 115 | I8: 82 | J8: 100 | K8: 128 | L8: 194 | M8: 383 | N8: 39 | O8: Adair, Missouri | P8: =NOT(OR(Table1[[#This Row],[State]]="Other Foreign Countries", Table1[[#This Row],[State]]="Unknown", Table1[[#This Row],[State]]="Puerto Rico all counties")) -> TRUE
A9: 40001 | B9: Oklahoma | C9: Adair | D9: 397 | E9: 84 | F9: 33 | G9: 44 | H9: 138 | I9: 98 | J9: 85 | K9: 110 | L9: 202 | M9: 373 | N9: 24 | O9: Adair, Oklahoma | P9: =NOT(OR(Table1[[#This Row],[State]]="Other Foreign Countries", Table1[[#This Row],[State]]="Unknown", Table1[[#This Row],[State]]="Puerto Rico all counties")) -> TRUE
A10: 8001 | B10: Colorado | C10: Adams | D10: 7698 | E10: 1590 | F10: 978 | G10: 1022 | H10: 2396 | I10: 1712 | J10: 3220 | K10: 2164 | L10: 2314 | M10: 6701 | N10: 997 | O10: Adams, Colorado | P10: =NOT(OR(Table1[[#This Row],[State]]="Other Foreign Countries", Table1[[#This Row],[State]]="Unknown", Table1[[#This Row],[State]]="Puerto Rico all counties")) -> TRUE
A11: 16003 | B11: Idaho | C11: Adams | D11: 158 | E11: 38 | F11: 26 | G11: 20 | H11: 46 | I11: 28 | J11: 30 | K11: 46 | L11: 82 | M11: 140 | N11: 18 | O11: Adams, Idaho | P11: =NOT(OR(Table1[[#This Row],[State]]="Other Foreign Countries", Table1[[#This Row],[State]]="Unknown", Table1[[#This Row],[State]]="Puerto Rico all counties")) -> TRUE
A12: 17001 | B12: Illinois | C12: Adams | D12: 1297 | E12: 283 | F12: 132 | G12: 148 | H12: 372 | I12: 362 | J12: 352 | K12: 334 | L12: 611 | M12: 1204 | N12: 93 | O12: Adams, Illinois | P12: =NOT(OR(Table1[[#This Row],[State]]="Other Foreign Countries", Table1[[#This Row],[State]]="Unknown", Table1[[#This Row],[State]]="Puerto Rico all counties")) -> TRUE
A13: 18001 | B13: Indiana | C13: Adams | D13: 407 | E13: 147 | F13: 75 | G13: 54 | H13: 89 | I13: 42 | J13: 85 | K13: 97 | L13: 225 | M13: 380 | N13: 27 | O13: Adams, Indiana | P13: =NOT(OR(Table1[[#This Row],[State]]="Other Foreign Countries", Table1[[#This Row],[State]]="Unknown", Table1[[#This Row],[State]]="Puerto Rico all counties")) -> TRUE
A14: 19003 | B14: Iowa | C14: Adams | D14: 59 | E14: 17 | G14: 15 | I14: 12 | J14: 10 | K14: 17 | L14: 32 | O14: Adams, Iowa | P14: =NOT(OR(Table1[[#This Row],[State]]="Other Foreign Countries", Table1[[#This Row],[State]]="Unknown", Table1[[#This Row],[State]]="Puerto Rico all counties")) -> TRUE
A15: 28001 | B15: Mississippi | C15: Adams | D15: 519 | E15: 75 | F15: 46 | G15: 55 | H15: 182 | I15: 161 | J15: 73 | K15: 159 | L15: 287 | M15: 448 | N15: 71 | O15: Adams, Mississippi | P15: =NOT(OR(Table1[[#This Row],[State]]="Other Foreign Countries", Table1[[#This Row],[State]]="Unknown", Table1[[#This Row],[State]]="Puerto Rico all counties")) -> TRUE
A16: 31001 | B16: Nebraska | C16: Adams | D16: 688 | E16: 278 | F16: 77 | G16: 81 | H16: 145 | I16: 107 | J16: 129 | K16: 153 | L16: 406 | M16: 639 | N16: 49 | O16: Adams, Nebraska | P16: =NOT(OR(Table1[[#This Row],[State]]="Other Foreign Countries", Table1[[#This Row],[State]]="Unknown", Table1[[#This Row],[State]]="Puerto Rico all counties")) -> TRUE
A17: 38001 | B17: North Dakota | C17: Adams | D17: 44 | E17: 13 | H17: 12 | L17: 30 | O17: Adams, North Dakota | P17: =NOT(OR(Table1[[#This Row],[State]]="Other Foreign Countries", Table1[[#This Row],[State]]="Unknown", Table1[[#This Row],[State]]="Puerto Rico all counties")) -> TRUE
A18: 39001 | B18: Ohio | C18: Adams | D18: 538 | E18: 156 | F18: 65 | G18: 80 | H18: 127 | I18: 110 | J18: 114 | K18: 144 | L18: 280 | M18: 511 | N18: 27 | O18: Adams, Ohio | P18: =NOT(OR(Table1[[#This Row],[State]]="Other Foreign Countries", Table1[[#This Row],[State]]="Unknown", Table1[[#This Row],[State]]="Puerto Rico all counties")) -> TRUE
A19: 42001 | B19: Pennsylvania | C19: Adams | D19: 1888 | E19: 418 | F19: 243 | G19: 258 | H19: 538 | I19: 431 | J19: 490 | K19: 599 | L19: 799 | M19: 1640 | N19: 248 | O19: Adams, Pennsylvania | P19: =NOT(OR(Table1[[#This Row],[State]]="Other Foreign Countries", Table1[[#This Row],[State]]="Unknown", Table1[[#This Row],[State]]="Puerto Rico all counties")) -> TRUE
A20: 53001 | B20: Washington | C20: Adams | D20: 140 | E20: 32 | F20: 15 | G20: 18 | H20: 36 | I20: 39 | J20: 45 | K20: 33 | L20: 62 | M20: 125 | N20: 15 | O20: Adams, Washington | P20: =NOT(OR(Table1[[#This Row],[State]]="Other Foreign Countries", Table1[[#This Row],[State]]="Unknown", Table1[[#This Row],[State]]="Puerto Rico all counties")) -> TRUE
A21: 55001 | B21: Wisconsin | C21: Adams | D21: 669 | E21: 166 | F21: 72 | G21: 94 | H21: 166 | I21: 171 | J21: 100 | K21: 179 | L21: 390 | M21: 624 | N21: 45 | O21: Adams, Wisconsin | P21: =NOT(OR(Table1[[#This Row],[State]]="Other Foreign Countries", Table1[[#This Row],[State]]="Unknown", Table1[[#This Row],[State]]="Puerto Rico all counties")) -> TRUE
A22: 50001 | B22: Vermont | C22: Addison | D22: 423 | E22: 110 | F22: 53 | G22: 50 | H22: 118 | I22: 92 | J22: 102 | K22: 123 | L22: 198 | M22: 384 | N22: 39 | O22: Addison, Vermont | P22: =NOT(OR(Table1[[#This Row],[State]]="Other Foreign Countries", Table1[[#This Row],[State]]="Unknown", Table1[[#This Row],[State]]="Puerto Rico all counties")) -> TRUE
A23: 45003 | B23: South Carolina | C23: Aiken | D23: 5544 | E23: 807 | F23: 577 | G23: 665 | H23: 1785 | I23: 1710 | J23: 1612 | K23: 2019 | L23: 1913 | M23: 4678 | N23: 865 | O23: Aiken, South Carolina | P23: =NOT(OR(Table1[[#This Row],[State]]="Other Foreign Countries", Table1[[#This Row],[State]]="Unknown", Table1[[#This Row],[State]]="Puerto Rico all counties")) -> TRUE
A24: 27001 | B24: Minnesota | C24: Aitkin | D24: 675 | E24: 302 | F24: 78 | G24: 70 | H24: 127 | I24: 98 | J24: 57 | K24: 133 | L24: 485 | M24: 640 | N24: 34 | O24: Aitkin, Minnesota | P24: =NOT(OR(Table1[[#This Row],[State]]="Other Foreign Countries", Table1[[#This Row],[State]]="Unknown", Table1[[#This Row],[State]]="Puerto Rico all counties")) -> TRUE
A25: 12001 | B25: Florida | C25: Alachua | D25: 5640 | E25: 1133 | F25: 618 | G25: 695 | H25: 1621 | I25: 1573 | J25: 1476 | K25: 1876 | L25: 2288 | M25: 4834 | N25: 803 | O25: Alachua, Florida | P25: =NOT(OR(Table1[[#This Row],[State]]="Other Foreign Countries", Table1[[#This Row],[State]]="Unknown", Table1[[#This Row],[State]]="Puerto Rico all counties")) -> TRUE
A26: 37001 | B26: North Carolina | C26: Alamance | D26: 3179 | E26: 569 | F26: 332 | G26: 375 | H26: 998 | I26: 905 | J26: 900 | K26: 1036 | L26: 1243 | M26: 2743 | N26: 435 | O26: Alamance, North Carolina | P26: =NOT(OR(Table1[[#This Row],[State]]="Other Foreign Countries", Table1[[#This Row],[State]]="Unknown", Table1[[#This Row],[State]]="Puerto Rico all counties")) -> TRUE
A27: 6001 | B27: California | C27: Alameda | D27: 10203 | E27: 2196 | F27: 1143 | G27: 1238 | H27: 2911 | I27: 2715 | J27: 3321 | K27: 2698 | L27: 4184 | M27: 9039 | N27: 1162 | O27: Alameda, California | P27: =NOT(OR(Table1[[#This Row],[State]]="Other Foreign Countries", Table1[[#This Row],[State]]="Unknown", Table1[[#This Row],[State]]="Puerto Rico all counties")) -> TRUE
A28: 8003 | B28: Colorado | C28: Alamosa | D28: 282 | E28: 54 | F28: 27 | G28: 35 | H28: 88 | I28: 78 | J28: 73 | K28: 81 | L28: 128 | M28: 255 | N28: 27 | O28: Alamosa, Colorado | P28: =NOT(OR(Table1[[#This Row],[State]]="Other Foreign Countries", Table1[[#This Row],[State]]="Unknown", Table1[[#This Row],[State]]="Puerto Rico all counties")) -> TRUE
A29: 36001 | B29: New York | C29: Albany | D29: 3069 | E29: 748 | F29: 389 | G29: 381 | H29: 850 | I29: 701 | J29: 825 | K29: 871 | L29: 1373 | M29: 2724 | N29: 344 | O29: Albany, New York | P29: =NOT(OR(Table1[[#This Row],[State]]="Other Foreign Countries", Table1[[#This Row],[State]]="Unknown", Table1[[#This Row],[State]]="Puerto Rico all counties")) -> TRUE
... A33: 28003 | B33: Mississippi | C33: Alcorn | D33: 592 | E33: 132 | F33: 72 | G33: 59 | H33: 180 | I33: 149 | J33: 147 | K33: 167 | L33: 278 | M33: 547 | N33: 45 | O33: Alcorn, Mississippi | P33: =NOT(OR(Table1[[#This Row],[State]]="Other Foreign Countries", Table1[[#This Row],[State]]="Unknown", Table1[[#This Row],[State]]="Puerto Rico all counties")) -> TRUE
A34: 2013 | B34: Alaska | C34: Aleutians East | O34: Aleutians East, Alaska | P34: =NOT(OR(Table1[[#This Row],[State]]="Other Foreign Countries", Table1[[#This Row],[State]]="Unknown", Table1[[#This Row],[State]]="Puerto Rico all counties")) -> TRUE
A35: 2016 | B35: Alaska | C35: Aleutians West | D35: 28 | J35: 11 | O35: Aleutians West, Alaska | P35: =NOT(OR(Table1[[#This Row],[State]]="Other Foreign Countries", Table1[[#This Row],[State]]="Unknown", Table1[[#This Row],[State]]="Puerto Rico all counties")) -> TRUE
A36: 17003 | B36: Illinois | C36: Alexander | D36: 125 | E36: 22 | F36: 16 | G36: 16 | H36: 42 | I36: 29 | J36: 12 | K36: 40 | L36: 73 | M36: 114 | N36: 11 | O36: Alexander, Illinois | P36: =NOT(OR(Table1[[#This Row],[State]]="Other Foreign Countries", Table1[[#This Row],[State]]="Unknown", Table1[[#This Row],[State]]="Puerto Rico all counties")) -> TRUE
A37: 37003 | B37: North Carolina | C37: Alexander | D37: 706 | E37: 142 | F37: 76 | G37: 94 | H37: 211 | I37: 183 | J37: 166 | K37: 177 | L37: 363 | M37: 654 | N37: 52 | O37: Alexander, North Carolina | P37: =NOT(OR(Table1[[#This Row],[State]]="Other Foreign Countries", Table1[[#This Row],[State]]="Unknown", Table1[[#This Row],[State]]="Puerto Rico all counties")) -> TRUE
A38: 51510 | B38: Virginia | C38: Alexandria City | D38: 4621 | E38: 616 | F38: 570 | G38: 618 | H38: 1370 | I38: 1447 | J38: 1945 | K38: 1891 | L38: 785 | M38: 3468 | N38: 1153 | O38: Alexandria City, Virginia | P38: =NOT(OR(Table1[[#This Row],[State]]="Other Foreign Countries", Table1[[#This Row],[State]]="Unknown", Table1[[#This Row],[State]]="Puerto Rico all counties")) -> TRUE
A39: 40003 | B39: Oklahoma | C39: Alfalfa | D39: 111 | E39: 31 | F39: 18 | G39: 12 | H39: 28 | I39: 22 | J39: 23 | K39: 41 | L39: 47 | O39: Alfalfa, Oklahoma | P39: =NOT(OR(Table1[[#This Row],[State]]="Other Foreign Countries", Table1[[#This Row],[State]]="Unknown", Table1[[#This Row],[State]]="Puerto Rico all counties")) -> TRUE
A40: 26003 | B40: Michigan | C40: Alger | D40: 287 | E40: 80 | F40: 34 | G40: 37 | H40: 77 | I40: 59 | J40: 40 | K40: 90 | L40: 157 | M40: 266 | N40: 21 | O40: Alger, Michigan | P40: =NOT(OR(Table1[[#This Row],[State]]="Other Foreign Countries", Table1[[#This Row],[State]]="Unknown", Table1[[#This Row],[State]]="Puerto Rico all counties")) -> TRUE
A41: 19005 | B41: Iowa | C41: Allamakee | D41: 222 | E41: 55 | F41: 32 | G41: 26 | H41: 55 | I41: 54 | J41: 46 | K41: 56 | L41: 120 | M41: 203 | N41: 19 | O41: Allamakee, Iowa | P41: =NOT(OR(Table1[[#This Row],[State]]="Other Foreign Countries", Table1[[#This Row],[State]]="Unknown", Table1[[#This Row],[State]]="Puerto Rico all counties")) -> TRUE
A42: 26005 | B42: Michigan | C42: Allegan | D42: 1452 | E42: 275 | F42: 179 | G42: 206 | H42: 435 | I42: 357 | J42: 480 | K42: 381 | L42: 591 | M42: 1322 | N42: 130 | O42: Allegan, Michigan | P42: =NOT(OR(Table1[[#This Row],[State]]="Other Foreign Countries", Table1[[#This Row],[State]]="Unknown", Table1[[#This Row],[State]]="Puerto Rico all counties")) -> TRUE
A43: 24001 | B43: Maryland | C43: Allegany | D43: 1071 | E43: 224 | F43: 133 | G43: 150 | H43: 298 | I43: 266 | J43: 254 | K43: 330 | L43: 487 | M43: 1004 | N43: 67 | O43: Allegany, Maryland | P43: =NOT(OR(Table1[[#This Row],[State]]="Other Foreign Countries", Table1[[#This Row],[State]]="Unknown", Table1[[#This Row],[State]]="Puerto Rico all counties")) -> TRUE
A44: 36003 | B44: New York | C44: Allegany | D44: 949 | E44: 177 | F44: 130 | G44: 112 | H44: 305 | I44: 225 | J44: 199 | K44: 278 | L44: 472 | M44: 868 | N44: 81 | O44: Allegany, New York | P44: =NOT(OR(Table1[[#This Row],[State]]="Other Foreign Countries", Table1[[#This Row],[State]]="Unknown", Table1[[#This Row],[State]]="Puerto Rico all counties")) -> TRUE
A45: 37005 | B45: North Carolina | C45: Alleghany | D45: 260 | E45: 68 | F45: 22 | G45: 34 | H45: 73 | I45: 63 | J45: 44 | K45: 62 | L45: 154 | M45: 242 | N45: 18 | O45: Alleghany, North Carolina | P45: =NOT(OR(Table1[[#This Row],[State]]="Other Foreign Countries", Table1[[#This Row],[State]]="Unknown", Table1[[#This Row],[State]]="Puerto Rico all counties")) -> TRUE
A46: 51005 | B46: Virginia | C46: Alleghany | D46: 364 | E46: 82 | F46: 39 | G46: 44 | H46: 116 | I46: 83 | J46: 60 | K46: 110 | L46: 194 | M46: 340 | N46: 24 | O46: Alleghany, Virginia | P46: =NOT(OR(Table1[[#This Row],[State]]="Other Foreign Countries", Table1[[#This Row],[State]]="Unknown", Table1[[#This Row],[State]]="Puerto Rico all counties")) -> TRUE
A47: 42003 | B47: Pennsylvania | C47: Allegheny | D47: 14249 | E47: 3498 | F47: 1815 | G47: 1919 | H47: 3787 | I47: 3230 | J47: 3913 | K47: 4029 | L47: 6307 | M47: 12771 | N47: 1478 | O47: Allegheny, Pennsylvania | P47: =NOT(OR(Table1[[#This Row],[State]]="Other Foreign Countries", Table1[[#This Row],[State]]="Unknown", Table1[[#This Row],[State]]="Puerto Rico all counties")) -> TRUE
A48: 18003 | B48: Indiana | C48: Allen | D48: 6550 | E48: 2073 | F48: 825 | G48: 883 | H48: 1526 | I48: 1243 | J48: 1894 | K48: 1936 | L48: 2720 | M48: 5937 | N48: 609 | O48: Allen, Indiana | P48: =NOT(OR(Table1[[#This Row],[State]]="Other Foreign Countries", Table1[[#This Row],[State]]="Unknown", Table1[[#This Row],[State]]="Puerto Rico all counties")) -> TRUE
A49: 20001 | B49: Kansas | C49: Allen | D49: 175 | E49: 31 | F49: 20 | G49: 24 | H49: 64 | I49: 36 | J49: 46 | K49: 50 | L49: 79 | M49: 160 | N49: 15 | O49: Allen, Kansas | P49: =NOT(OR(Table1[[#This Row],[State]]="Other Foreign Countries", Table1[[#This Row],[State]]="Unknown", Table1[[#This Row],[State]]="Puerto Rico all counties")) -> TRUE
A50: 21003 | B50: Kentucky | C50: Allen | D50: 442 | E50: 83 | F50: 48 | G50: 48 | H50: 146 | I50: 117 | J50: 125 | K50: 138 | L50: 179 | M50: 399 | N50: 43 | O50: Allen, Kentucky | P50: =NOT(OR(Table1[[#This Row],[State]]="Other Foreign Countries", Table1[[#This Row],[State]]="Unknown", Table1[[#This Row],[State]]="Puerto Rico all counties")) -> TRUE
A51: 22003 | B51: Louisiana | C51: Allen | D51: 418 | E51: 74 | F51: 33 | G51: 61 | H51: 122 | I51: 128 | J51: 84 | K51: 132 | L51: 202 | M51: 387 | N51: 31 | O51: Allen, Louisiana | P51: =NOT(OR(Table1[[#This Row],[State]]="Other Foreign Countries", Table1[[#This Row],[State]]="Unknown", Table1[[#This Row],[State]]="Puerto Rico all counties")) -> TRUE
... A54: 26007 | B54: Michigan | C54: Alpena | D54: 738 | E54: 190 | F54: 83 | G54: 89 | H54: 225 | I54: 151 | J54: 151 | K54: 203 | L54: 384 | M54: 675 | N54: 63 | O54: Alpena, Michigan | P54: =NOT(OR(Table1[[#This Row],[State]]="Other Foreign Countries", Table1[[#This Row],[State]]="Unknown", Table1[[#This Row],[State]]="Puerto Rico all counties")) -> TRUE
A55: 6003 | B55: California | C55: Alpine | D55: 14 | O55: Alpine, California | P55: =NOT(OR(Table1[[#This Row],[State]]="Other Foreign Countries", Table1[[#This Row],[State]]="Unknown", Table1[[#This Row],[State]]="Puerto Rico all counties")) -> TRUE
A56: 6005 | B56: California | C56: Amador | D56: 1074 | E56: 316 | F56: 122 | G56: 113 | H56: 290 | I56: 233 | J56: 208 | K56: 264 | L56: 602 | M56: 1001 | N56: 73 | O56: Amador, California | P56: =NOT(OR(Table1[[#This Row],[State]]="Other Foreign Countries", Table1[[#This Row],[State]]="Unknown", Table1[[#This Row],[State]]="Puerto Rico all counties")) -> TRUE
A57: 51007 | B57: Virginia | C57: Amelia | D57: 346 | E57: 60 | F57: 44 | G57: 44 | H57: 113 | I57: 85 | J57: 94 | K57: 109 | L57: 143 | M57: 305 | N57: 41 | O57: Amelia, Virginia | P57: =NOT(OR(Table1[[#This Row],[State]]="Other Foreign Countries", Table1[[#This Row],[State]]="Unknown", Table1[[#This Row],[State]]="Puerto Rico all counties")) -> TRUE
A58: 51009 | B58: Virginia | C58: Amherst | D58: 598 | E58: 118 | F58: 79 | G58: 68 | H58: 193 | I58: 140 | J58: 154 | K58: 187 | L58: 257 | M58: 538 | N58: 60 | O58: Amherst, Virginia | P58: =NOT(OR(Table1[[#This Row],[State]]="Other Foreign Countries", Table1[[#This Row],[State]]="Unknown", Table1[[#This Row],[State]]="Puerto Rico all counties")) -> TRUE
A59: 28005 | B59: Mississippi | C59: Amite | D59: 212 | E59: 44 | F59: 31 | G59: 22 | H59: 60 | I59: 55 | J59: 33 | K59: 67 | L59: 112 | M59: 191 | N59: 21 | O59: Amite, Mississippi | P59: =NOT(OR(Table1[[#This Row],[State]]="Other Foreign Countries", Table1[[#This Row],[State]]="Unknown", Table1[[#This Row],[State]]="Puerto Rico all counties")) -> TRUE
A60: 2020 | B60: Alaska | C60: Anchorage | D60: 11012 | E60: 1976 | F60: 1311 | G60: 1565 | H60: 3323 | I60: 2837 | J60: 3693 | K60: 4190 | L60: 3129 | M60: 9250 | N60: 1761 | O60: Anchorage, Alaska | P60: =NOT(OR(Table1[[#This Row],[State]]="Other Foreign Countries", Table1[[#This Row],[State]]="Unknown", Table1[[#This Row],[State]]="Puerto Rico all counties")) -> TRUE
A61: 20003 | B61: Kansas | C61: Anderson | D61: 109 | E61: 31 | H61: 30 | I61: 30 | J61: 24 | K61: 31 | L61: 54 | O61: Anderson, Kansas | P61: =NOT(OR(Table1[[#This Row],[State]]="Other Foreign Countries", Table1[[#This Row],[State]]="Unknown", Table1[[#This Row],[State]]="Puerto Rico all counties")) -> TRUE
A62: 21005 | B62: Kentucky | C62: Anderson | D62: 497 | E62: 104 | F62: 62 | G62: 52 | H62: 142 | I62: 137 | J62: 130 | K62: 180 | L62: 187 | M62: 441 | N62: 56 | O62: Anderson, Kentucky | P62: =NOT(OR(Table1[[#This Row],[State]]="Other Foreign Countries", Table1[[#This Row],[State]]="Unknown", Table1[[#This Row],[State]]="Puerto Rico all counties")) -> TRUE
A63: 45007 | B63: South Carolina | C63: Anderson | D63: 4541 | E63: 766 | F63: 485 | G63: 593 | H63: 1411 | I63: 1286 | J63: 1134 | K63: 1466 | L63: 1941 | M63: 4103 | N63: 437 | O63: Anderson, South Carolina | P63: =NOT(OR(Table1[[#This Row],[State]]="Other Foreign Countries", Table1[[#This Row],[State]]="Unknown", Table1[[#This Row],[State]]="Puerto Rico all counties")) -> TRUE
A64: 47001 | B64: Tennessee | C64: Anderson | D64: 2157 | E64: 509 | F64: 242 | G64: 266 | H64: 589 | I64: 551 | J64: 607 | K64: 699 | L64: 851 | M64: 1945 | N64: 212 | O64: Anderson, Tennessee | P64: =NOT(OR(Table1[[#This Row],[State]]="Other Foreign Countries", Table1[[#This Row],[State]]="Unknown", Table1[[#This Row],[State]]="Puerto Rico all counties")) -> TRUE
A65: 48001 | B65: Texas | C65: Anderson | D65: 1199 | E65: 217 | F65: 138 | G65: 126 | H65: 373 | I65: 345 | J65: 305 | K65: 344 | L65: 550 | M65: 1088 | N65: 111 | O65: Anderson, Texas | P65: =NOT(OR(Table1[[#This Row],[State]]="Other Foreign Countries", Table1[[#This Row],[State]]="Unknown", Table1[[#This Row],[State]]="Puerto Rico all counties")) -> TRUE
A66: 29003 | B66: Missouri | C66: Andrew | D66: 374 | E66: 101 | F66: 51 | G66: 44 | H66: 92 | I66: 86 | J66: 81 | K66: 115 | L66: 178 | M66: 353 | N66: 21 | O66: Andrew, Missouri | P66: =NOT(OR(Table1[[#This Row],[State]]="Other Foreign Countries", Table1[[#This Row],[State]]="Unknown", Table1[[#This Row],[State]]="Puerto Rico all counties")) -> TRUE
A67: 48003 | B67: Texas | C67: Andrews | D67: 155 | E67: 23 | F67: 18 | G67: 26 | H67: 53 | I67: 35 | J67: 78 | K67: 42 | L67: 35 | M67: 140 | N67: 15 | O67: Andrews, Texas | P67: =NOT(OR(Table1[[#This Row],[State]]="Other Foreign Countries", Table1[[#This Row],[State]]="Unknown", Table1[[#This Row],[State]]="Puerto Rico all counties")) -> TRUE
A68: 23001 | B68: Maine | C68: Androscoggin | D68: 2777 | E68: 579 | F68: 330 | G68: 361 | H68: 864 | I68: 643 | J68: 654 | K68: 875 | L68: 1248 | M68: 2534 | N68: 243 | O68: Androscoggin, Maine | P68: =NOT(OR(Table1[[#This Row],[State]]="Other Foreign Countries", Table1[[#This Row],[State]]="Unknown", Table1[[#This Row],[State]]="Puerto Rico all counties")) -> TRUE
A69: 48005 | B69: Texas | C69: Angelina | D69: 1974 | E69: 363 | F69: 208 | G69: 231 | H69: 670 | I69: 502 | J69: 551 | K69: 610 | L69: 813 | M69: 1759 | N69: 215 | O69: Angelina, Texas | P69: =NOT(OR(Table1[[#This Row],[State]]="Other Foreign Countries", Table1[[#This Row],[State]]="Unknown", Table1[[#This Row],[State]]="Puerto Rico all counties")) -> TRUE
A70: 24003 | B70: Maryland | C70: Anne Arundel | D70: 19277 | E70: 2753 | F70: 2046 | G70: 2352 | H70: 5682 | I70: 6444 | J70: 6597 | K70: 8278 | L70: 4402 | M70: 14904 | N70: 4372 | O70: Anne Arundel, Maryland | P70: =NOT(OR(Table1[[#This Row],[State]]="Other Foreign Countries", Table1[[#This Row],[State]]="Unknown", Table1[[#This Row],[State]]="Puerto Rico all counties")) -> TRUE
A71: 27003 | B71: Minnesota | C71: Anoka | D71: 6857 | E71: 2760 | F71: 922 | G71: 702 | H71: 1414 | I71: 1059 | J71: 1615 | K71: 1651 | L71: 3591 | M71: 6324 | N71: 520 | O71: Anoka, Minnesota | P71: =NOT(OR(Table1[[#This Row],[State]]="Other Foreign Countries", Table1[[#This Row],[State]]="Unknown", Table1[[#This Row],[State]]="Puerto Rico all counties")) -> TRUE
A72: 37007 | B72: North Carolina | C72: Anson | D72: 401 | E72: 51 | F72: 38 | G72: 48 | H72: 136 | I72: 128 | J72: 80 | K72: 109 | L72: 212 | M72: 364 | N72: 37 | O72: Anson, North Carolina | P72: =NOT(OR(Table1[[#This Row],[State]]="Other Foreign Countries", Table1[[#This Row],[State]]="Unknown", Table1[[#This Row],[State]]="Puerto Rico all counties")) -> TRUE
A73: 31003 | B73: Nebraska | C73: Antelope | D73: 180 | E73: 69 | F73: 28 | G73: 27 | H73: 41 | I73: 15 | J73: 26 | K73: 33 | L73: 121 | O73: Antelope, Nebraska | P73: =NOT(OR(Table1[[#This Row],[State]]="Other Foreign Countries", Table1[[#This Row],[State]]="Unknown", Table1[[#This Row],[State]]="Puerto Rico all counties")) -> TRUE
A74: 26009 | B74: Michigan | C74: Antrim | D74: 567 | E74: 145 | F74: 59 | G74: 63 | H74: 182 | I74: 118 | J74: 106 | K74: 159 | L74: 302 | M74: 518 | N74: 49 | O74: Antrim, Michigan | P74: =NOT(OR(Table1[[#This Row],[State]]="Other Foreign Countries", Table1[[#This Row],[State]]="Unknown", Table1[[#This Row],[State]]="Puerto Rico all counties")) -> TRUE
A75: 4001 | B75: Arizona | C75: Apache | D75: 1151 | E75: 218 | F75: 127 | G75: 140 | H75: 349 | I75: 317 | J75: 231 | K75: 310 | L75: 610 | M75: 1008 | N75: 143 | O75: Apache, Arizona | P75: =NOT(OR(Table1[[#This Row],[State]]="Other Foreign Countries", Table1[[#This Row],[State]]="Unknown", Table1[[#This Row],[State]]="Puerto Rico all counties")) -> TRUE
A76: 19007 | B76: Iowa | C76: Appanoose | D76: 248 | E76: 79 | F76: 35 | G76: 35 | H76: 55 | I76: 44 | J76: 30 | K76: 80 | L76: 138 | M76: 230 | N76: 18 | O76: Appanoose, Iowa | P76: =NOT(OR(Table1[[#This Row],[State]]="Other Foreign Countries", Table1[[#This Row],[State]]="Unknown", Table1[[#This Row],[State]]="Puerto Rico all counties")) -> TRUE
A77: 13001 | B77: Georgia | C77: Appling | D77: 311 | E77: 51 | F77: 34 | G77: 43 | H77: 95 | I77: 88 | J77: 81 | K77: 110 | L77: 120 | M77: 278 | N77: 33 | O77: Appling, Georgia | P77: =NOT(OR(Table1[[#This Row],[State]]="Other Foreign Countries", Table1[[#This Row],[State]]="Unknown", Table1[[#This Row],[State]]="Puerto Rico all counties")) -> TRUE
A78: 51011 | B78: Virginia | C78: Appomattox | D78: 373 | E78: 78 | F78: 56 | G78: 42 | H78: 102 | I78: 95 | J78: 91 | K78: 128 | L78: 154 | M78: 333 | N78: 40 | O78: Appomattox, Virginia | P78: =NOT(OR(Table1[[#This Row],[State]]="Other Foreign Countries", Table1[[#This Row],[State]]="Unknown", Table1[[#This Row],[State]]="Puerto Rico all counties")) -> TRUE
A79: 48007 | B79: Texas | C79: Aransas | D79: 992 | E79: 211 | F79: 97 | G79: 94 | H79: 283 | I79: 307 | J79: 173 | K79: 352 | L79: 467 | M79: 890 | N79: 102 | O79: Aransas, Texas | P79: =NOT(OR(Table1[[#This Row],[State]]="Other Foreign Countries", Table1[[#This Row],[State]]="Unknown", Table1[[#This Row],[State]]="Puerto Rico all counties")) -> TRUE
A80: 8005 | B80: Colorado | C80: Arapahoe | D80: 12060 | E80: 2471 | F80: 1612 | G80: 1679 | H80: 3490 | I80: 2808 | J80: 4436 | K80: 3772 | L80: 3852 | M80: 10209 | N80: 1850 | O80: Arapahoe, Colorado | P80: =NOT(OR(Table1[[#This Row],[State]]="Other Foreign Countries", Table1[[#This Row],[State]]="Unknown", Table1[[#This Row],[State]]="Puerto Rico all counties")) -> TRUE
A81: 48009 | B81: Texas | C81: Archer | D81: 314 | E81: 49 | F81: 35 | G81: 21 | H81: 81 | I81: 128 | J81: 76 | K81: 120 | L81: 118 | M81: 272 | N81: 42 | O81: Archer, Texas | P81: =NOT(OR(Table1[[#This Row],[State]]="Other Foreign Countries", Table1[[#This Row],[State]]="Unknown", Table1[[#This Row],[State]]="Puerto Rico all counties")) -> TRUE
A82: 8007 | B82: Colorado | C82: Archuleta | D82: 332 | E82: 75 | F82: 34 | G82: 41 | H82: 101 | I82: 81 | J82: 69 | K82: 87 | L82: 176 | M82: 291 | N82: 41 | O82: Archuleta, Colorado | P82: =NOT(OR(Table1[[#This Row],[State]]="Other Foreign Countries", Table1[[#This Row],[State]]="Unknown", Table1[[#This Row],[State]]="Puerto Rico all counties")) -> TRUE
A83: 26011 | B83: Michigan | C83: Arenac | D83: 383 | E83: 98 | F83: 35 | G83: 42 | H83: 117 | I83: 91 | J83: 62 | K83: 108 | L83: 213 | M83: 363 | N83: 20 | O83: Arenac, Michigan | P83: =NOT(OR(Table1[[#This Row],[State]]="Other Foreign Countries", Table1[[#This Row],[State]]="Unknown", Table1[[#This Row],[State]]="Puerto Rico all counties")) -> TRUE
A84: 5001 | B84: Arkansas | C84: Arkansas | D84: 247 | E84: 35 | F84: 28 | G84: 32 | H84: 83 | I84: 69 | J84: 41 | K84: 90 | L84: 116 | M84: 230 | N84: 17 | O84: Arkansas, Arkansas | P84: =NOT(OR(Table1[[#This Row],[State]]="Other Foreign Countries", Table1[[#This Row],[State]]="Unknown", Table1[[#This Row],[State]]="Puerto Rico all counties")) -> TRUE
A85: 51013 | B85: Virginia | C85: Arlington | D85: 4858 | E85: 751 | F85: 576 | G85: 612 | H85: 1437 | I85: 1482 | J85: 1929 | K85: 2107 | L85: 822 | M85: 3869 | N85: 989 | O85: Arlington, Virginia | P85: =NOT(OR(Table1[[#This Row],[State]]="Other Foreign Countries", Table1[[#This Row],[State]]="Unknown", Table1[[#This Row],[State]]="Puerto Rico all counties")) -> TRUE
A86: 42005 | B86: Pennsylvania | C86: Armstrong | D86: 1103 | E86: 247 | F86: 135 | G86: 134 | H86: 299 | I86: 288 | J86: 260 | K86: 289 | L86: 554 | M86: 1029 | N86: 72 | O86: Armstrong, Pennsylvania | P86: =NOT(OR(Table1[[#This Row],[State]]="Other Foreign Countries", Table1[[#This Row],[State]]="Unknown", Table1[[#This Row],[State]]="Puerto Rico all counties")) -> TRUE
A87: 48011 | B87: Texas | C87: Armstrong | D87: 57 | E87: 10 | G87: 12 | H87: 22 | J87: 13 | K87: 21 | L87: 23 | O87: Armstrong, Texas | P87: =NOT(OR(Table1[[#This Row],[State]]="Other Foreign Countries", Table1[[#This Row],[State]]="Unknown", Table1[[#This Row],[State]]="Puerto Rico all counties")) -> TRUE
A88: 23003 | B88: Maine | C88: Aroostook | D88: 2199 | E88: 409 | F88: 214 | G88: 229 | H88: 783 | I88: 564 | J88: 395 | K88: 716 | L88: 1088 | M88: 2014 | N88: 185 | O88: Aroostook, Maine | P88: =NOT(OR(Table1[[#This Row],[State]]="Other Foreign Countries", Table1[[#This Row],[State]]="Unknown", Table1[[#This Row],[State]]="Puerto Rico all counties")) -> TRUE
A89: 31005 | B89: Nebraska | C89: Arthur | O89: Arthur, Nebraska | P89: =NOT(OR(Table1[[#This Row],[State]]="Other Foreign Countries", Table1[[#This Row],[State]]="Unknown", Table1[[#This Row],[State]]="Puerto Rico all counties")) -> TRUE
A90: 22005 | B90: Louisiana | C90: Ascension | D90: 2192 | E90: 394 | F90: 187 | G90: 277 | H90: 671 | I90: 663 | J90: 644 | K90: 844 | L90: 704 | M90: 1900 | N90: 292 | O90: Ascension, Louisiana | P90: =NOT(OR(Table1[[#This Row],[State]]="Other Foreign Countries", Table1[[#This Row],[State]]="Unknown", Table1[[#This Row],[State]]="Puerto Rico all counties")) -> TRUE
A91: 37009 | B91: North Carolina | C91: Ashe | D91: 560 | E91: 111 | F91: 55 | G91: 52 | H91: 175 | I91: 167 | J91: 80 | K91: 166 | L91: 314 | M91: 525 | N91: 35 | O91: Ashe, North Carolina | P91: =NOT(OR(Table1[[#This Row],[State]]="Other Foreign Countries", Table1[[#This Row],[State]]="Unknown", Table1[[#This Row],[State]]="Puerto Rico all counties")) -> TRUE
A92: 39005 | B92: Ohio | C92: Ashland | D92: 1021 | E92: 263 | F92: 129 | G92: 116 | H92: 313 | I92: 200 | J92: 267 | K92: 265 | L92: 489 | M92: 945 | N92: 76 | O92: Ashland, Ohio | P92: =NOT(OR(Table1[[#This Row],[State]]="Other Foreign Countries", Table1[[#This Row],[State]]="Unknown", Table1[[#This Row],[State]]="Puerto Rico all counties")) -> TRUE
A93: 55003 | B93: Wisconsin | C93: Ashland | D93: 349 | E93: 100 | F93: 41 | G93: 43 | H93: 84 | I93: 81 | J93: 78 | K93: 103 | L93: 168 | M93: 321 | N93: 28 | O93: Ashland, Wisconsin | P93: =NOT(OR(Table1[[#This Row],[State]]="Other Foreign Countries", Table1[[#This Row],[State]]="Unknown", Table1[[#This Row],[State]]="Puerto Rico all counties")) -> TRUE
A94: 5003 | B94: Arkansas | C94: Ashley | D94: 348 | E94: 50 | F94: 36 | G94: 36 | H94: 117 | I94: 109 | J94: 57 | K94: 115 | L94: 176 | M94: 320 | N94: 28 | O94: Ashley, Arkansas | P94: =NOT(OR(Table1[[#This Row],[State]]="Other Foreign Countries", Table1[[#This Row],[State]]="Unknown", Table1[[#This Row],[State]]="Puerto Rico all counties")) -> TRUE
A95: 39007 | B95: Ohio | C95: Ashtabula | D95: 2232 | E95: 574 | F95: 270 | G95: 260 | H95: 621 | I95: 507 | J95: 529 | K95: 640 | L95: 1063 | M95: 2053 | N95: 179 | O95: Ashtabula, Ohio | P95: =NOT(OR(Table1[[#This Row],[State]]="Other Foreign Countries", Table1[[#This Row],[State]]="Unknown", Table1[[#This Row],[State]]="Puerto Rico all counties")) -> TRUE
A96: 53003 | B96: Washington | C96: Asotin | D96: 610 | E96: 150 | F96: 68 | G96: 87 | H96: 163 | I96: 142 | J96: 130 | K96: 189 | L96: 291 | M96: 559 | N96: 51 | O96: Asotin, Washington | P96: =NOT(OR(Table1[[#This Row],[State]]="Other Foreign Countries", Table1[[#This Row],[State]]="Unknown", Table1[[#This Row],[State]]="Puerto Rico all counties")) -> TRUE
A97: 22007 | B97: Louisiana | C97: Assumption | D97: 258 | E97: 54 | F97: 24 | G97: 20 | H97: 92 | I97: 68 | J97: 35 | K97: 85 | L97: 138 | M97: 237 | N97: 21 | O97: Assumption, Louisiana | P97: =NOT(OR(Table1[[#This Row],[State]]="Other Foreign Countries", Table1[[#This Row],[State]]="Unknown", Table1[[#This Row],[State]]="Puerto Rico all counties")) -> TRUE
A98: 48013 | B98: Texas | C98: Atascosa | D98: 1733 | E98: 278 | F98: 151 | G98: 183 | H98: 521 | I98: 600 | J98: 458 | K98: 620 | L98: 655 | M98: 1495 | N98: 238 | O98: Atascosa, Texas | P98: =NOT(OR(Table1[[#This Row],[State]]="Other Foreign Countries", Table1[[#This Row],[State]]="Unknown", Table1[[#This Row],[State]]="Puerto Rico all counties")) -> TRUE
A99: 20005 | B99: Kansas | C99: Atchison | D99: 278 | E99: 56 | F99: 34 | G99: 34 | H99: 87 | I99: 67 | J99: 53 | K99: 97 | L99: 128 | M99: 260 | N99: 18 | O99: Atchison, Kansas | P99: =NOT(OR(Table1[[#This Row],[State]]="Other Foreign Countries", Table1[[#This Row],[State]]="Unknown", Table1[[#This Row],[State]]="Puerto Rico all counties")) -> TRUE
A100: 29005 | B100: Missouri | C100: Atchison | D100: 94 | E100: 27 | F100: 11 | G100: 14 | H100: 30 | I100: 12 | J100: 18 | K100: 27 | L100: 49 | O100: Atchison, Missouri | P100: =NOT(OR(Table1[[#This Row],[State]]="Other Foreign Countries", Table1[[#This Row],[State]]="Unknown", Table1[[#This Row],[State]]="Puerto Rico all counties")) -> TRUE
A101: 39009 | B101: Ohio | C101: Athens | D101: 981 | E101: 235 | F101: 121 | G101: 123 | H101: 298 | I101: 204 | J101: 250 | K101: 272 | L101: 459 | M101: 910 | N101: 70 | O101: Athens, Ohio | P101: =NOT(OR(Table1[[#This Row],[State]]="Other Foreign Countries", Table1[[#This Row],[State]]="Unknown", Table1[[#This Row],[State]]="Puerto Rico all counties")) -> TRUE
A102: 13003 | B102: Georgia | C102: Atkinson | D102: 86 | E102: 11 | F102: 11 | G102: 13 | H102: 31 | I102: 20 | J102: 18 | K102: 32 | L102: 36 | O102: Atkinson, Georgia | P102: =NOT(OR(Table1[[#This Row],[State]]="Other Foreign Countries", Table1[[#This Row],[State]]="Unknown", Table1[[#This Row],[State]]="Puerto Rico all counties")) -> TRUE
A103: 34001 | B103: New Jersey | C103: Atlantic | D103: 3280 | E103: 677 | F103: 339 | G103: 347 | H103: 1013 | I103: 904 | J103: 900 | K103: 836 | L103: 1544 | M103: 2947 | N103: 330 | O103: Atlantic, New Jersey | P103: =NOT(OR(Table1[[#This Row],[State]]="Other Foreign Countries", Table1[[#This Row],[State]]="Unknown", Table1[[#This Row],[State]]="Puerto Rico all counties")) -> TRUE
A104: 40005 | B104: Oklahoma | C104: Atoka | D104: 393 | E104: 81 | F104: 39 | G104: 50 | H104: 137 | I104: 86 | J104: 85 | K104: 107 | L104: 201 | M104: 362 | N104: 31 | O104: Atoka, Oklahoma | P104: =NOT(OR(Table1[[#This Row],[State]]="Other Foreign Countries", Table1[[#This Row],[State]]="Unknown", Table1[[#This Row],[State]]="Puerto Rico all counties")) -> TRUE
A105: 28007 | B105: Mississippi | C105: Attala | D105: 276 | E105: 51 | F105: 24 | G105: 43 | H105: 83 | I105: 75 | J105: 35 | K105: 101 | L105: 140 | M105: 262 | N105: 14 | O105: Attala, Mississippi | P105: =NOT(OR(Table1[[#This Row],[State]]="Other Foreign Countries", Table1[[#This Row],[State]]="Unknown", Table1[[#This Row],[State]]="Puerto Rico all counties")) -> TRUE
...
